A_TOTAL_(m2),N_HABITACIONES,N_BAÑOS,N_ASEOS,TIENE_LAVADERO,TIENE_ENTRADA,A_SALON,A_COCINA,A_DORM1,A_DORM2,A_DORM3,A_DORM4,A_DORM5,A_DORM6,TOTAL_A_HABITACIONES,A_BAÑO1,A_BAÑO2,A_BAÑO3,A_BAÑO4,TOTAL_A_BAÑOS,A_ASEO,A_ENTRADA,A_PASILLO,A_LAVADERO
37.1,1,1,0,True,False,16.4,4.1,8.9,0.0,0.0,0.0,0.0,0.0,8.9,3.7,0.0,0.0,0.0,3.7,0.0,0.0,2.8,1.2
38.7,2,1,0,False,False,10.08,2.52,11.1,8.4,0.0,0.0,0.0,0.0,19.5,4.2,0.0,0.0,0.0,4.2,0.0,0.0,2.4,0.0
43.1,1,1,0,False,False,15.5,7.7,12.5,0.0,0.0,0.0,0.0,0.0,12.5,4.5,0.0,0.0,0.0,4.5,0.0,0.0,2.9,0.0
44.0,1,1,0,True,True,17.68,4.42,11.1,0.0,0.0,0.0,0.0,0.0,11.1,4.5,0.0,0.0,0.0,4.5,0.0,3.2,2.1,1.0
46.7,2,1,0,False,True,15.52,3.88,10.15,7.65,0.0,0.0,0.0,0.0,17.8,3.65,0.0,0.0,0.0,3.65,0.0,2.8,3.05,0.0
47.65,1,1,0,False,True,18.0,7.8,11.05,0.0,0.0,0.0,0.0,0.0,11.05,3.5,0.0,0.0,0.0,3.5,0.0,3.85,3.45,0.0
49.56,2,2,0,False,False,17.9,6.4,9.86,8.4,0.0,0.0,0.0,0.0,18.259999999999998,3.0,2.8,0.0,0.0,5.8,0.0,0.0,1.2,0.0
49.6,2,1,0,False,True,16.05,7.15,10.45,6.3,0.0,0.0,0.0,0.0,16.75,4.6,0.0,0.0,0.0,4.6,0.0,2.8,2.25,0.0
50.21,2,2,0,False,False,17.232,4.308,10.2,8.23,0.0,0.0,0.0,0.0,18.43,3.98,2.59,0.0,0.0,6.57,0.0,0.0,3.67,0.0
50.77,2,1,0,False,False,17.104,4.276,12.3,9.72,0.0,0.0,0.0,0.0,22.020000000000003,5.47,0.0,0.0,0.0,5.47,0.0,0.0,1.9,0.0
51.35,2,2,0,True,False,17.4,4.35,11.8,6.55,0.0,0.0,0.0,0.0,18.35,4.5,3.9,0.0,0.0,8.4,0.0,0.0,2.25,0.6
51.7,2,1,0,False,True,17.9,7.0,11.4,7.85,0.0,0.0,0.0,0.0,19.25,3.5,0.0,0.0,0.0,3.5,0.0,2.2,1.85,0.0
52.53,2,2,0,False,False,16.192,4.048,12.52,8.8,0.0,0.0,0.0,0.0,21.32,5.14,3.73,0.0,0.0,8.87,0.0,0.0,2.1,0.0
53.27,2,1,0,True,True,16.77,6.14,10.71,8.28,0.0,0.0,0.0,0.0,18.990000000000002,3.67,0.0,0.0,0.0,3.67,0.0,2.24,3.04,2.42
53.32,2,2,0,True,False,16.048,4.012,10.87,8.79,0.0,0.0,0.0,0.0,19.659999999999997,3.3,3.27,0.0,0.0,6.57,0.0,0.0,5.96,1.07
53.45,2,2,0,False,False,18.888,4.722,11.83,8.69,0.0,0.0,0.0,0.0,20.52,3.98,3.11,0.0,0.0,7.09,0.0,0.0,2.23,0.0
53.49,2,1,0,False,True,17.19,7.26,10.45,9.82,0.0,0.0,0.0,0.0,20.27,3.5,0.0,0.0,0.0,3.5,0.0,2.84,2.43,0.0
53.83,2,1,0,False,True,17.38,7.0,12.04,8.0,0.0,0.0,0.0,0.0,20.04,4.07,0.0,0.0,0.0,4.07,0.0,3.0,2.34,0.0
53.92,2,1,0,False,True,17.76,4.44,11.47,10.96,0.0,0.0,0.0,0.0,22.43,5.12,0.0,0.0,0.0,5.12,0.0,2.21,1.96,0.0
53.95,2,1,0,False,False,20.0,5.0,12.01,9.98,0.0,0.0,0.0,0.0,21.990000000000002,4.31,0.0,0.0,0.0,4.31,0.0,0.0,2.65,0.0
53.97,2,1,0,False,False,16.176,4.044,12.87,9.23,0.0,0.0,0.0,0.0,22.1,5.27,0.0,0.0,0.0,5.27,0.0,0.0,6.38,0.0
54.05,2,1,0,False,False,18.21,7.05,12.06,11.06,0.0,0.0,0.0,0.0,23.12,3.84,0.0,0.0,0.0,3.84,0.0,0.0,1.83,0.0
54.15,2,1,0,False,False,16.472,4.118,12.87,9.15,0.0,0.0,0.0,0.0,22.02,5.27,0.0,0.0,0.0,5.27,0.0,0.0,6.27,0.0
54.54,1,1,0,False,False,27.912,6.978,12.86,0.0,0.0,0.0,0.0,0.0,12.86,3.64,0.0,0.0,0.0,3.64,0.0,0.0,3.15,0.0
55.05,2,1,0,False,True,18.4,7.0,10.4,8.2,0.0,0.0,0.0,0.0,18.6,3.45,0.0,0.0,0.0,3.45,0.0,2.25,5.35,0.0
55.39,2,1,0,False,True,16.71,8.01,12.08,8.72,0.0,0.0,0.0,0.0,20.8,4.48,0.0,0.0,0.0,4.48,0.0,1.12,4.27,0.0
55.96,2,1,0,False,False,19.28,4.82,11.58,10.53,0.0,0.0,0.0,0.0,22.11,3.59,0.0,0.0,0.0,3.59,0.0,0.0,6.16,0.0
56.24,2,1,0,False,True,17.33,7.0,12.01,8.6,0.0,0.0,0.0,0.0,20.61,4.66,0.0,0.0,0.0,4.66,0.0,0.93,5.71,0.0
56.27,2,1,0,True,True,16.32,7.19,10.07,8.21,0.0,0.0,0.0,0.0,18.28,3.83,0.0,0.0,0.0,3.83,0.0,4.35,4.41,1.89
56.91,2,1,0,False,True,17.15,8.6,11.75,9.96,0.0,0.0,0.0,0.0,21.71,3.51,0.0,0.0,0.0,3.51,0.0,3.42,2.52,0.0
57.1,2,1,0,True,True,16.0,7.0,11.1,8.7,0.0,0.0,0.0,0.0,19.799999999999997,4.2,0.0,0.0,0.0,4.2,0.0,2.8,5.3,2.0
57.16,2,1,0,False,True,16.68,7.61,13.0,8.1,0.0,0.0,0.0,0.0,21.1,4.59,0.0,0.0,0.0,4.59,0.0,3.15,4.03,0.0
57.21,2,2,0,False,False,20.0,5.0,12.35,8.25,0.0,0.0,0.0,0.0,20.6,3.67,3.44,0.0,0.0,7.109999999999999,0.0,0.0,4.5,0.0
57.24,2,1,0,True,True,17.24,7.19,10.07,8.21,0.0,0.0,0.0,0.0,18.28,3.83,0.0,0.0,0.0,3.83,0.0,4.35,4.46,1.89
57.25,2,1,0,False,True,16.2,7.05,12.8,9.45,0.0,0.0,0.0,0.0,22.25,3.4,0.0,0.0,0.0,3.4,0.0,3.55,4.8,0.0
57.3,2,2,0,False,False,19.24,4.81,13.3,10.3,0.0,0.0,0.0,0.0,23.6,4.15,3.7,0.0,0.0,7.8500000000000005,0.0,0.0,1.8,0.0
57.31,2,2,0,False,True,18.33,8.23,12.93,8.76,0.0,0.0,0.0,0.0,21.689999999999998,3.36,2.37,0.0,0.0,5.73,0.0,1.1,2.23,0.0
57.4,4,2,0,True,False,15.52,3.88,10.2,6.2,6.2,2.4,0.0,0.0,24.999999999999996,3.5,2.3,0.0,0.0,5.8,0.0,0.0,6.1,1.1
57.44,2,1,0,True,True,16.33,7.19,10.54,9.5,0.0,0.0,0.0,0.0,20.04,3.44,0.0,0.0,0.0,3.44,0.0,4.8,3.75,1.89
57.97,2,1,0,True,False,17.62,7.87,12.63,9.36,0.0,0.0,0.0,0.0,21.990000000000002,3.54,0.0,0.0,0.0,3.54,0.0,0.0,2.5,4.45
58.0,1,1,0,True,True,25.36,6.34,12.4,0.0,0.0,0.0,0.0,0.0,12.4,5.0,0.0,0.0,0.0,5.0,0.0,2.8,3.0,3.1
58.0,2,2,0,False,False,19.2,4.8,13.7,10.4,0.0,0.0,0.0,0.0,24.1,4.35,3.7,0.0,0.0,8.05,0.0,0.0,1.85,0.0
58.35,2,1,0,False,True,18.4,7.95,14.54,8.93,0.0,0.0,0.0,0.0,23.47,3.98,0.0,0.0,0.0,3.98,0.0,2.3,2.25,0.0
58.46,2,1,0,False,True,23.11,7.42,10.54,8.92,0.0,0.0,0.0,0.0,19.46,3.97,0.0,0.0,0.0,3.97,0.0,2.26,2.24,0.0
58.5,2,1,0,False,True,16.9,8.25,12.05,9.35,0.0,0.0,0.0,0.0,21.4,4.5,0.0,0.0,0.0,4.5,0.0,2.5,4.95,0.0
58.6,2,2,0,False,False,22.08,5.52,13.0,8.9,0.0,0.0,0.0,0.0,21.9,3.4,3.3,0.0,0.0,6.699999999999999,0.0,0.0,2.4,0.0
58.96,2,1,0,False,False,21.608,5.402,13.33,10.36,0.0,0.0,0.0,0.0,23.689999999999998,5.88,0.0,0.0,0.0,5.88,0.0,0.0,2.38,0.0
59.0,2,2,0,False,False,22.24,5.56,13.0,9.0,0.0,0.0,0.0,0.0,22.0,3.4,3.4,0.0,0.0,6.8,0.0,0.0,2.4,0.0
59.18,2,1,0,False,True,16.3,13.38,10.33,8.7,0.0,0.0,0.0,0.0,19.03,3.82,0.0,0.0,0.0,3.82,0.0,3.17,3.48,0.0
59.3,2,1,0,False,True,17.7,10.39,10.33,8.7,0.0,0.0,0.0,0.0,19.03,3.82,0.0,0.0,0.0,3.82,0.0,4.88,3.48,0.0
59.41,2,1,0,True,True,18.78,6.27,10.67,10.07,0.0,0.0,0.0,0.0,20.740000000000002,3.88,0.0,0.0,0.0,3.88,0.0,3.82,3.73,2.19
59.45,2,1,0,False,True,16.55,7.35,11.7,9.1,0.0,0.0,0.0,0.0,20.799999999999997,4.55,0.0,0.0,0.0,4.55,0.0,4.75,5.45,0.0
59.6,2,1,0,False,True,18.15,7.1,12.2,9.4,0.0,0.0,0.0,0.0,21.6,3.95,0.0,0.0,0.0,3.95,0.0,3.8,5.0,0.0
59.85,2,1,0,False,True,18.2,7.15,12.7,10.15,0.0,0.0,0.0,0.0,22.85,5.15,0.0,0.0,0.0,5.15,0.0,3.1,3.4,0.0
59.85,2,1,0,False,True,18.7,7.0,14.4,9.1,0.0,0.0,0.0,0.0,23.5,3.5,0.0,0.0,0.0,3.5,0.0,3.75,3.4,0.0
59.99,2,1,0,False,False,18.224,4.556,13.79,9.98,0.0,0.0,0.0,0.0,23.77,4.65,0.0,0.0,0.0,4.65,0.0,0.0,8.79,0.0
60.1,2,2,0,False,False,22.64,5.66,13.1,9.5,0.0,0.0,0.0,0.0,22.6,3.4,3.4,0.0,0.0,6.8,0.0,0.0,2.4,0.0
60.34,2,1,0,True,False,20.512,5.128,12.83,11.04,0.0,0.0,0.0,0.0,23.869999999999997,3.75,0.0,0.0,0.0,3.75,0.0,0.0,4.98,2.1
60.34,2,1,0,True,True,17.64,6.97,10.41,8.98,0.0,0.0,0.0,0.0,19.39,3.89,0.0,0.0,0.0,3.89,0.0,5.11,5.45,1.89
60.7,2,2,0,False,False,21.84,5.46,13.4,9.9,0.0,0.0,0.0,0.0,23.3,4.0,3.8,0.0,0.0,7.8,0.0,0.0,2.3,0.0
60.9,2,1,0,False,True,17.25,9.55,15.34,9.16,0.0,0.0,0.0,0.0,24.5,3.56,0.0,0.0,0.0,3.56,0.0,3.43,2.61,0.0
61.3,2,2,0,False,False,22.08,5.52,13.8,10.7,0.0,0.0,0.0,0.0,24.5,3.7,3.1,0.0,0.0,6.800000000000001,0.0,0.0,2.4,0.0
61.35,3,2,0,False,False,20.696,5.174,12.1,8.66,7.8,0.0,0.0,0.0,28.56,2.65,2.34,0.0,0.0,4.99,0.0,0.0,1.93,0.0
61.79,2,2,0,False,True,20.34,8.27,10.33,8.93,0.0,0.0,0.0,0.0,19.259999999999998,3.6,3.12,0.0,0.0,6.720000000000001,0.0,4.7,2.5,0.0
61.89,2,1,0,True,True,18.78,8.35,10.67,10.07,0.0,0.0,0.0,0.0,20.740000000000002,3.88,0.0,0.0,0.0,3.88,0.0,4.52,3.73,1.89
62.4,2,2,0,True,False,20.456,5.114,13.72,9.03,0.0,0.0,0.0,0.0,22.75,3.62,2.96,0.0,0.0,6.58,0.0,0.0,4.09,3.41
63.32,2,1,0,True,True,18.21,6.98,12.17,10.89,0.0,0.0,0.0,0.0,23.060000000000002,4.44,0.0,0.0,0.0,4.44,0.0,6.38,2.0,2.25
63.38,3,1,1,False,True,18.62,7.88,10.11,7.38,7.36,0.0,0.0,0.0,24.849999999999998,3.6,0.0,0.0,0.0,3.6,2.18,2.56,3.69,0.0
64.19,3,1,1,False,True,18.62,8.23,10.2,7.38,7.36,0.0,0.0,0.0,24.939999999999998,3.75,0.0,0.0,0.0,3.75,2.4,2.56,3.69,0.0
64.4,2,2,0,False,True,21.8,9.37,11.67,8.28,0.0,0.0,0.0,0.0,19.95,4.34,3.73,0.0,0.0,8.07,0.0,2.8,2.41,0.0
64.41,2,2,0,True,True,17.78,6.92,12.66,9.97,0.0,0.0,0.0,0.0,22.630000000000003,4.9,2.99,0.0,0.0,7.890000000000001,0.0,3.35,3.85,1.99
64.85,2,1,0,False,True,22.5,8.95,11.95,8.95,0.0,0.0,0.0,0.0,20.9,5.8,0.0,0.0,0.0,5.8,0.0,2.6,4.1,0.0
64.97,2,2,0,False,True,24.32,6.08,11.94,9.68,0.0,0.0,0.0,0.0,21.619999999999997,3.91,3.89,0.0,0.0,7.800000000000001,0.0,2.85,2.3,0.0
65.26,2,2,0,False,True,24.016,6.004,11.9,9.68,0.0,0.0,0.0,0.0,21.58,4.58,3.7,0.0,0.0,8.280000000000001,0.0,3.0,2.38,0.0
65.27,3,1,1,False,True,19.2,8.42,10.28,7.41,7.39,0.0,0.0,0.0,25.08,3.67,0.0,0.0,0.0,3.67,2.18,3.0,3.72,0.0
65.35,2,2,0,False,False,21.68,5.42,16.8,11.15,0.0,0.0,0.0,0.0,27.950000000000003,4.25,4.2,0.0,0.0,8.45,0.0,0.0,1.85,0.0
65.43,2,2,0,False,True,22.96,5.74,12.75,10.09,0.0,0.0,0.0,0.0,22.84,3.66,3.5,0.0,0.0,7.16,0.0,3.64,3.09,0.0
65.92,2,2,0,False,False,25.336,6.334,13.11,10.53,0.0,0.0,0.0,0.0,23.64,3.25,2.96,0.0,0.0,6.21,0.0,0.0,4.4,0.0
65.94,2,2,0,True,True,21.592,5.398,12.71,9.67,0.0,0.0,0.0,0.0,22.380000000000003,3.57,3.15,0.0,0.0,6.72,0.0,3.5,5.33,1.02
65.95,2,2,0,False,True,22.44,5.61,12.4,10.25,0.0,0.0,0.0,0.0,22.65,3.85,3.4,0.0,0.0,7.25,0.0,6.3,1.7,0.0
66.0,2,2,0,False,True,19.5,6.1,13.4,11.1,0.0,0.0,0.0,0.0,24.5,4.2,4.2,0.0,0.0,8.4,0.0,5.2,2.3,0.0
66.1,2,2,0,False,True,21.6,8.8,12.9,9.3,0.0,0.0,0.0,0.0,22.200000000000003,3.7,3.3,0.0,0.0,7.0,0.0,4.1,2.4,0.0
66.27,2,1,0,True,True,17.5,7.81,12.23,9.11,0.0,0.0,0.0,0.0,21.34,5.62,0.0,0.0,0.0,5.62,0.0,6.35,5.76,1.89
66.55,3,1,1,False,True,18.81,10.02,10.11,7.38,7.34,0.0,0.0,0.0,24.83,3.6,0.0,0.0,0.0,3.6,2.18,3.42,3.69,0.0
66.62,3,2,0,False,True,18.38,7.42,11.59,9.1,8.04,0.0,0.0,0.0,28.729999999999997,3.52,2.65,0.0,0.0,6.17,0.0,2.26,3.66,0.0
66.63,3,2,0,False,True,18.6,7.42,11.61,8.9,8.34,0.0,0.0,0.0,28.849999999999998,3.58,2.45,0.0,0.0,6.03,0.0,2.26,3.47,0.0
66.65,2,2,0,False,True,22.01,9.37,11.65,9.87,0.0,0.0,0.0,0.0,21.52,4.42,3.87,0.0,0.0,8.29,0.0,3.03,2.43,0.0
66.73,2,1,0,False,True,18.87,12.17,12.54,9.13,0.0,0.0,0.0,0.0,21.67,4.63,0.0,0.0,0.0,4.63,0.0,6.61,2.78,0.0
66.74,2,2,0,True,True,18.79,8.93,14.28,9.47,0.0,0.0,0.0,0.0,23.75,4.52,3.77,0.0,0.0,8.29,0.0,2.69,2.3,1.99
66.75,3,2,0,False,True,18.15,7.26,12.12,8.09,8.0,0.0,0.0,0.0,28.21,3.36,2.37,0.0,0.0,5.73,0.0,1.15,6.25,0.0
66.76,3,2,0,False,True,18.42,7.42,10.41,9.86,8.9,0.0,0.0,0.0,29.17,3.52,2.65,0.0,0.0,6.17,0.0,2.26,3.32,0.0
66.78,3,2,0,False,True,18.02,7.02,12.31,8.82,8.2,0.0,0.0,0.0,29.330000000000002,2.86,2.85,0.0,0.0,5.71,0.0,3.22,3.48,0.0
67.0,2,2,0,False,True,22.4,8.8,13.8,9.6,0.0,0.0,0.0,0.0,23.4,3.5,3.5,0.0,0.0,7.0,0.0,3.6,1.8,0.0
67.0,2,2,0,False,True,20.3,6.1,13.4,11.1,0.0,0.0,0.0,0.0,24.5,4.4,4.2,0.0,0.0,8.600000000000001,0.0,5.2,2.3,0.0
67.02,2,2,0,True,True,21.24,5.31,13.77,9.03,0.0,0.0,0.0,0.0,22.799999999999997,3.6,3.21,0.0,0.0,6.8100000000000005,0.0,2.14,7.4,1.32
67.2,2,2,0,True,True,21.92,5.48,13.4,8.8,0.0,0.0,0.0,0.0,22.200000000000003,5.0,3.4,0.0,0.0,8.4,0.0,2.2,3.7,3.3
67.2,3,2,0,False,True,18.55,7.05,10.65,7.7,7.7,0.0,0.0,0.0,26.05,3.8,3.15,0.0,0.0,6.949999999999999,0.0,4.35,4.25,0.0
67.26,3,1,0,False,True,18.76,7.34,13.19,10.36,8.47,0.0,0.0,0.0,32.019999999999996,3.65,0.0,0.0,0.0,3.65,0.0,2.28,3.21,0.0
67.3,3,1,0,False,True,19.41,7.52,10.98,10.05,8.84,0.0,0.0,0.0,29.87,4.69,0.0,0.0,0.0,4.69,0.0,2.85,2.96,0.0
67.43,2,2,0,True,True,21.752,5.438,13.09,10.11,0.0,0.0,0.0,0.0,23.2,4.08,3.88,0.0,0.0,7.96,0.0,4.81,2.59,1.68
67.5,3,2,0,False,True,18.32,7.96,11.24,7.28,6.96,0.0,0.0,0.0,25.48,3.89,3.52,0.0,0.0,7.41,0.0,3.19,5.14,0.0
67.57,2,1,0,False,True,18.6,10.59,12.51,11.75,0.0,0.0,0.0,0.0,24.259999999999998,4.9,0.0,0.0,0.0,4.9,0.0,4.76,4.46,0.0
67.6,2,2,0,False,True,20.8,8.5,12.2,9.0,0.0,0.0,0.0,0.0,21.2,4.0,3.9,0.0,0.0,7.9,0.0,3.6,5.6,0.0
67.62,3,2,0,False,True,18.48,7.49,13.1,8.07,8.0,0.0,0.0,0.0,29.17,4.01,2.87,0.0,0.0,6.88,0.0,2.41,3.19,0.0
67.62,2,2,0,False,True,20.45,7.03,15.36,10.12,0.0,0.0,0.0,0.0,25.479999999999997,4.3,4.04,0.0,0.0,8.34,0.0,2.99,3.33,0.0
67.84,3,2,0,False,True,18.39,7.96,11.76,8.64,7.2,0.0,0.0,0.0,27.599999999999998,3.52,3.1,0.0,0.0,6.62,0.0,3.22,4.05,0.0
67.9,2,2,0,True,True,20.0,5.0,12.7,8.0,0.0,0.0,0.0,0.0,20.7,5.4,3.3,0.0,0.0,8.7,0.0,5.9,4.6,3.0
67.91,3,2,0,False,True,18.23,7.03,12.01,8.87,8.54,0.0,0.0,0.0,29.419999999999998,4.58,3.21,0.0,0.0,7.79,0.0,2.25,3.19,0.0
67.95,3,1,1,False,True,19.75,10.0,10.37,7.72,7.69,0.0,0.0,0.0,25.78,3.82,0.0,0.0,0.0,3.82,2.24,2.56,3.8,0.0
67.95,3,2,0,False,True,18.14,7.57,12.44,8.26,8.12,0.0,0.0,0.0,28.82,3.57,2.52,0.0,0.0,6.09,0.0,1.27,6.06,0.0
67.98,3,2,0,False,True,19.4,8.02,11.94,8.94,8.06,0.0,0.0,0.0,28.939999999999998,3.56,2.65,0.0,0.0,6.21,0.0,2.28,3.13,0.0
68.0,2,2,0,False,True,22.3,7.9,15.8,8.5,0.0,0.0,0.0,0.0,24.3,3.8,3.2,0.0,0.0,7.0,0.0,4.3,2.2,0.0
68.1,2,1,0,False,False,26.6,9.0,15.5,10.4,0.0,0.0,0.0,0.0,25.9,4.0,0.0,0.0,0.0,4.0,0.0,0.0,2.6,0.0
68.1,2,1,0,True,True,19.2,9.45,15.1,10.15,0.0,0.0,0.0,0.0,25.25,4.4,0.0,0.0,0.0,4.4,0.0,7.55,1.0,1.25
68.11,3,2,0,False,True,18.53,7.99,12.93,8.71,8.69,0.0,0.0,0.0,30.33,3.36,2.37,0.0,0.0,5.73,0.0,1.1,4.43,0.0
68.2,3,2,0,False,True,18.0,7.15,12.05,11.3,7.2,0.0,0.0,0.0,30.55,3.5,3.15,0.0,0.0,6.65,0.0,2.2,3.65,0.0
68.25,3,1,1,False,True,19.94,7.29,10.76,8.68,8.21,0.0,0.0,0.0,27.65,4.5,0.0,0.0,0.0,4.5,2.93,2.65,3.29,0.0
68.3,2,2,0,False,True,24.5,7.2,13.3,9.3,0.0,0.0,0.0,0.0,22.6,3.5,3.3,0.0,0.0,6.8,0.0,4.4,2.8,0.0
68.32,3,2,0,False,True,19.36,7.49,11.54,9.29,8.53,0.0,0.0,0.0,29.36,3.6,2.65,0.0,0.0,6.25,0.0,2.42,3.44,0.0
68.35,3,2,0,False,True,18.19,7.26,12.6,8.13,8.01,0.0,0.0,0.0,28.740000000000002,3.38,3.36,0.0,0.0,6.74,0.0,1.15,6.27,0.0
68.54,3,2,0,False,True,18.49,7.59,12.03,8.25,8.1,0.0,0.0,0.0,28.380000000000003,3.78,3.14,0.0,0.0,6.92,0.0,1.24,5.92,0.0
68.6,2,1,0,False,False,26.6,9.2,15.5,10.7,0.0,0.0,0.0,0.0,26.2,4.0,0.0,0.0,0.0,4.0,0.0,0.0,2.6,0.0
68.62,3,1,1,True,True,19.9,6.61,10.68,8.69,8.21,0.0,0.0,0.0,27.58,4.46,0.0,0.0,0.0,4.46,2.93,2.65,3.29,1.2
68.65,3,2,0,False,True,18.5,7.15,12.45,8.05,7.3,0.0,0.0,0.0,27.8,3.95,2.9,0.0,0.0,6.85,0.0,4.55,3.8,0.0
68.66,2,2,0,False,False,23.53,6.5,14.13,11.82,0.0,0.0,0.0,0.0,25.950000000000003,5.07,4.41,0.0,0.0,9.48,0.0,0.0,3.2,0.0
68.75,3,2,0,False,True,19.3,8.95,12.45,7.5,7.35,0.0,0.0,0.0,27.299999999999997,3.65,3.55,0.0,0.0,7.199999999999999,0.0,2.8,3.2,0.0
68.77,3,2,0,False,True,18.12,8.52,11.93,8.89,7.2,0.0,0.0,0.0,28.02,3.52,3.18,0.0,0.0,6.7,0.0,3.38,4.03,0.0
68.84,3,1,1,False,True,19.47,9.84,11.62,7.99,7.3,0.0,0.0,0.0,26.91,3.2,0.0,0.0,0.0,3.2,2.86,2.58,3.98,0.0
68.84,2,2,0,False,True,19.31,8.17,14.45,8.22,0.0,0.0,0.0,0.0,22.67,5.19,3.63,0.0,0.0,8.82,0.0,4.92,4.95,0.0
68.87,3,2,0,False,True,18.03,7.33,12.36,8.0,8.0,0.0,0.0,0.0,28.36,4.69,2.04,0.0,0.0,6.73,0.0,1.24,7.18,0.0
68.95,3,2,0,False,True,18.0,7.0,13.15,9.6,8.55,0.0,0.0,0.0,31.3,3.45,2.4,0.0,0.0,5.85,0.0,2.5,4.3,0.0
69.03,2,1,0,False,False,22.18,7.72,17.69,13.95,0.0,0.0,0.0,0.0,31.64,5.25,0.0,0.0,0.0,5.25,0.0,0.0,2.24,0.0
69.05,3,2,0,False,True,18.04,7.02,12.01,8.38,8.38,0.0,0.0,0.0,28.770000000000003,3.92,2.94,0.0,0.0,6.859999999999999,0.0,1.18,7.18,0.0
69.11,3,2,0,False,True,19.53,7.48,12.4,8.21,8.17,0.0,0.0,0.0,28.78,3.57,2.38,0.0,0.0,5.949999999999999,0.0,1.26,6.11,0.0
69.15,2,2,0,False,True,17.27,9.06,16.34,10.82,0.0,0.0,0.0,0.0,27.16,4.31,4.01,0.0,0.0,8.32,0.0,2.97,4.37,0.0
69.3,3,2,0,False,True,18.2,7.0,11.0,9.6,8.8,0.0,0.0,0.0,29.400000000000002,4.15,2.4,0.0,0.0,6.550000000000001,0.0,2.5,5.65,0.0
69.37,3,1,0,False,True,20.29,7.14,12.35,10.89,8.68,0.0,0.0,0.0,31.92,3.44,0.0,0.0,0.0,3.44,0.0,2.82,3.76,0.0
69.4,3,2,0,False,True,18.45,7.0,11.45,9.15,7.4,0.0,0.0,0.0,28.0,3.9,3.35,0.0,0.0,7.25,0.0,2.35,6.35,0.0
69.45,3,1,0,True,False,19.4,7.1,12.95,9.35,9.35,0.0,0.0,0.0,31.65,3.85,0.0,0.0,0.0,3.85,0.0,0.0,4.8,2.65
69.49,3,1,1,False,True,18.32,7.47,10.98,8.7,8.62,0.0,0.0,0.0,28.299999999999997,3.59,0.0,0.0,0.0,3.59,2.97,3.28,5.56,0.0
69.6,2,2,0,True,True,18.3,8.1,12.2,10.3,0.0,0.0,0.0,0.0,22.5,5.2,3.5,0.0,0.0,8.7,0.0,6.0,2.8,3.2
69.65,3,2,0,True,True,17.05,8.35,14.1,7.9,7.55,0.0,0.0,0.0,29.55,4.0,3.9,0.0,0.0,7.9,0.0,3.6,2.45,0.75
69.71,3,2,0,False,True,19.49,7.68,10.63,9.08,8.02,0.0,0.0,0.0,27.73,4.46,3.39,0.0,0.0,7.85,0.0,2.85,4.11,0.0
69.75,3,2,0,False,True,18.0,7.1,11.75,9.75,9.15,0.0,0.0,0.0,30.65,4.15,2.25,0.0,0.0,6.4,0.0,2.75,4.85,0.0
69.75,3,2,0,False,True,18.04,9.76,12.92,8.64,8.39,0.0,0.0,0.0,29.950000000000003,4.61,3.19,0.0,0.0,7.800000000000001,0.0,2.11,2.09,0.0
69.8,3,1,1,False,True,18.93,10.0,10.91,8.5,8.15,0.0,0.0,0.0,27.560000000000002,4.41,0.0,0.0,0.0,4.41,2.4,2.54,3.96,0.0
69.8,2,2,0,False,True,21.9,8.6,13.7,10.1,0.0,0.0,0.0,0.0,23.799999999999997,4.4,4.0,0.0,0.0,8.4,0.0,2.2,4.9,0.0
69.82,3,1,1,True,True,19.9,6.61,10.68,8.69,8.21,0.0,0.0,0.0,27.58,4.46,0.0,0.0,0.0,4.46,2.93,2.65,3.29,2.4
69.85,3,2,0,False,True,18.2,7.0,10.8,9.45,9.4,0.0,0.0,0.0,29.65,3.85,3.6,0.0,0.0,7.45,0.0,2.2,5.35,0.0
69.87,2,2,0,False,True,20.16,5.04,13.93,11.24,0.0,0.0,0.0,0.0,25.17,4.11,3.8,0.0,0.0,7.91,0.0,9.28,2.31,0.0
69.93,3,2,0,False,True,19.09,7.49,13.13,9.17,8.93,0.0,0.0,0.0,31.23,3.52,2.65,0.0,0.0,6.17,0.0,2.49,3.46,0.0
69.94,3,2,0,False,True,18.08,7.02,13.76,9.59,8.22,0.0,0.0,0.0,31.57,3.76,2.8,0.0,0.0,6.56,0.0,3.22,3.49,0.0
69.95,3,2,0,False,True,18.0,7.05,11.8,9.75,9.1,0.0,0.0,0.0,30.65,3.95,2.3,0.0,0.0,6.25,0.0,2.4,5.6,0.0
69.99,3,2,0,False,True,18.06,7.15,12.07,8.08,8.01,0.0,0.0,0.0,28.159999999999997,3.92,2.94,0.0,0.0,6.859999999999999,0.0,1.22,8.54,0.0
69.99,3,2,0,False,True,19.96,7.09,12.0,8.41,8.38,0.0,0.0,0.0,28.79,3.92,2.88,0.0,0.0,6.8,0.0,1.17,6.18,0.0
70.0,2,2,0,True,True,18.0,7.8,13.0,8.5,0.0,0.0,0.0,0.0,21.5,5.7,4.0,0.0,0.0,9.7,0.0,4.9,4.9,3.2
70.0,3,1,1,False,True,18.2,7.1,10.7,9.5,9.5,0.0,0.0,0.0,29.7,4.1,0.0,0.0,0.0,4.1,2.7,2.55,5.65,0.0
70.0,3,2,0,False,True,18.23,7.07,12.13,8.5,8.14,0.0,0.0,0.0,28.770000000000003,3.92,3.81,0.0,0.0,7.73,0.0,1.15,7.05,0.0
70.0,3,2,0,False,True,18.1,7.0,11.7,9.65,9.1,0.0,0.0,0.0,30.450000000000003,3.95,2.35,0.0,0.0,6.300000000000001,0.0,2.5,5.65,0.0
70.0,3,2,0,False,True,18.3,7.6,10.9,10.45,8.65,0.0,0.0,0.0,30.0,3.75,2.6,0.0,0.0,6.35,0.0,2.75,5.0,0.0
70.9,2,2,0,True,True,19.6,8.1,12.2,10.3,0.0,0.0,0.0,0.0,22.5,5.2,3.5,0.0,0.0,8.7,0.0,6.0,2.8,3.2
70.9,3,1,0,False,True,18.48,10.02,13.97,8.46,8.0,0.0,0.0,0.0,30.43,4.42,0.0,0.0,0.0,4.42,0.0,3.61,3.94,0.0
71.08,3,1,0,False,True,19.62,8.08,14.53,10.97,8.82,0.0,0.0,0.0,34.32,3.53,0.0,0.0,0.0,3.53,0.0,2.75,2.78,0.0
71.25,3,1,0,False,True,21.53,8.11,12.19,10.55,8.99,0.0,0.0,0.0,31.730000000000004,4.01,0.0,0.0,0.0,4.01,0.0,2.56,3.31,0.0
71.4,3,1,0,False,True,23.92,5.98,11.9,8.75,8.4,0.0,0.0,0.0,29.049999999999997,3.75,0.0,0.0,0.0,3.75,0.0,6.45,2.25,0.0
71.7,2,2,0,True,True,20.0,7.2,12.1,8.6,0.0,0.0,0.0,0.0,20.7,5.1,4.4,0.0,0.0,9.5,0.0,3.8,7.5,3.0
71.7,3,1,0,True,False,21.416,5.354,13.91,12.28,9.05,0.0,0.0,0.0,35.239999999999995,4.03,0.0,0.0,0.0,4.03,0.0,0.0,3.66,2.0
71.8,3,1,0,False,True,20.2,8.5,12.8,9.4,8.9,0.0,0.0,0.0,31.1,3.8,0.0,0.0,0.0,3.8,0.0,4.0,4.2,0.0
71.9,3,1,0,False,True,23.92,5.98,11.4,8.75,8.4,0.0,0.0,0.0,28.549999999999997,4.75,0.0,0.0,0.0,4.75,0.0,6.45,2.25,0.0
71.91,3,1,0,False,True,19.69,11.87,12.59,8.84,8.5,0.0,0.0,0.0,29.93,4.87,0.0,0.0,0.0,4.87,0.0,2.78,2.77,0.0
72.15,3,1,0,False,True,19.2,7.87,12.7,9.46,8.92,0.0,0.0,0.0,31.08,4.79,0.0,0.0,0.0,4.79,0.0,3.69,5.52,0.0
72.2,2,2,0,False,True,22.1,11.2,14.6,9.7,0.0,0.0,0.0,0.0,24.299999999999997,4.1,3.8,0.0,0.0,7.8999999999999995,0.0,4.3,2.4,0.0
72.2,3,1,0,False,True,19.4,8.1,13.7,9.6,9.3,0.0,0.0,0.0,32.599999999999994,3.6,0.0,0.0,0.0,3.6,0.0,4.7,3.8,0.0
72.2,3,1,0,False,True,20.5,8.4,12.9,9.3,8.8,0.0,0.0,0.0,31.000000000000004,3.7,0.0,0.0,0.0,3.7,0.0,2.4,6.2,0.0
73.27,2,2,0,False,True,23.17,10.66,13.46,12.0,0.0,0.0,0.0,0.0,25.46,4.05,3.28,0.0,0.0,7.33,0.0,4.95,1.7,0.0
73.39,3,2,0,False,True,19.92,4.98,13.78,10.48,8.35,0.0,0.0,0.0,32.61,4.08,3.91,0.0,0.0,7.99,0.0,4.34,3.55,0.0
73.4,3,1,0,False,True,19.62,7.95,15.97,10.97,9.6,0.0,0.0,0.0,36.54,3.76,0.0,0.0,0.0,3.76,0.0,2.75,2.78,0.0
73.74,3,2,0,False,True,19.8,4.95,14.33,10.48,7.5,0.0,0.0,0.0,32.31,4.98,3.49,0.0,0.0,8.47,0.0,4.19,4.02,0.0
74.2,3,1,0,False,True,21.9,9.3,14.3,10.0,9.9,0.0,0.0,0.0,34.2,4.1,0.0,0.0,0.0,4.1,0.0,2.2,2.5,0.0
74.28,3,1,0,True,True,18.48,7.82,15.73,9.51,8.02,0.0,0.0,0.0,33.260000000000005,4.3,0.0,0.0,0.0,4.3,0.0,2.72,5.16,2.54
74.44,3,1,0,True,True,18.88,8.03,12.34,12.08,10.13,0.0,0.0,0.0,34.550000000000004,3.75,0.0,0.0,0.0,3.75,0.0,4.04,2.54,2.65
74.59,3,1,0,True,False,23.008,5.752,14.55,10.97,9.97,0.0,0.0,0.0,35.49,4.31,0.0,0.0,0.0,4.31,0.0,0.0,3.69,2.34
74.66,3,1,0,False,True,18.23,8.3,13.63,8.83,8.6,0.0,0.0,0.0,31.060000000000002,5.07,0.0,0.0,0.0,5.07,0.0,4.25,7.75,0.0
74.74,3,2,0,False,False,21.24,5.31,16.12,9.11,6.48,0.0,0.0,0.0,31.71,4.55,3.91,0.0,0.0,8.46,0.0,0.0,8.02,0.0
74.8,2,1,0,False,True,31.9,8.8,13.5,9.6,0.0,0.0,0.0,0.0,23.1,4.8,0.0,0.0,0.0,4.8,0.0,2.4,3.8,0.0
74.86,2,2,0,False,True,25.32,6.33,15.34,11.02,0.0,0.0,0.0,0.0,26.36,4.15,4.03,0.0,0.0,8.18,0.0,4.66,4.01,0.0
75.3,3,1,0,True,True,19.04,8.05,14.24,9.97,9.78,0.0,0.0,0.0,33.99,4.49,0.0,0.0,0.0,4.49,0.0,3.95,3.16,2.62
75.9,3,1,0,False,True,21.06,8.65,12.55,8.75,8.69,0.0,0.0,0.0,29.990000000000002,6.35,0.0,0.0,0.0,6.35,0.0,3.56,6.29,0.0
75.95,3,2,0,False,True,21.0,10.35,12.55,8.0,6.4,0.0,0.0,0.0,26.950000000000003,4.9,4.65,0.0,0.0,9.55,0.0,4.55,3.55,0.0
75.99,3,2,0,False,True,19.92,4.98,13.88,10.48,8.16,0.0,0.0,0.0,32.519999999999996,5.13,4.39,0.0,0.0,9.52,0.0,5.6,3.45,0.0
75.99,3,1,0,True,True,20.15,8.39,13.89,9.91,9.52,0.0,0.0,0.0,33.32,3.92,0.0,0.0,0.0,3.92,0.0,2.9,5.32,1.99
76.03,3,2,0,False,True,19.92,4.98,15.92,10.48,8.35,0.0,0.0,0.0,34.75,4.31,4.3,0.0,0.0,8.61,0.0,4.22,3.55,0.0
76.33,3,1,0,True,True,20.14,8.59,13.94,9.91,9.63,0.0,0.0,0.0,33.480000000000004,3.89,0.0,0.0,0.0,3.89,0.0,2.9,5.3,2.03
76.38,3,2,0,False,True,20.11,8.17,13.8,9.48,8.76,0.0,0.0,0.0,32.04,4.48,4.3,0.0,0.0,8.780000000000001,0.0,4.2,3.08,0.0
76.63,3,2,0,False,False,25.888,6.472,13.94,9.79,9.79,0.0,0.0,0.0,33.519999999999996,4.12,3.44,0.0,0.0,7.5600000000000005,0.0,0.0,3.19,0.0
76.76,3,2,0,False,False,25.296,6.324,13.88,10.14,8.81,0.0,0.0,0.0,32.830000000000005,3.51,2.95,0.0,0.0,6.46,0.0,0.0,5.85,0.0
76.89,2,2,0,False,True,21.68,10.66,14.2,11.49,0.0,0.0,0.0,0.0,25.689999999999998,3.62,3.28,0.0,0.0,6.9,0.0,4.25,7.71,0.0
76.9,3,2,0,False,True,20.66,8.39,14.32,10.1,8.01,0.0,0.0,0.0,32.43,3.56,3.32,0.0,0.0,6.88,0.0,4.58,3.96,0.0
76.92,3,2,0,True,False,25.432,6.358,12.8,9.75,9.48,0.0,0.0,0.0,32.03,4.14,2.91,0.0,0.0,7.05,0.0,0.0,4.84,1.21
76.95,2,2,0,False,True,22.0,11.65,12.95,11.5,0.0,0.0,0.0,0.0,24.45,4.25,3.85,0.0,0.0,8.1,0.0,5.25,5.5,0.0
77.4,3,1,0,False,False,24.25,11.3,13.5,9.3,8.95,0.0,0.0,0.0,31.75,5.2,0.0,0.0,0.0,5.2,0.0,0.0,4.9,0.0
77.44,2,1,0,False,True,29.87,9.66,12.94,10.97,0.0,0.0,0.0,0.0,23.91,4.69,0.0,0.0,0.0,4.69,0.0,5.4,3.91,0.0
77.78,3,1,0,True,True,19.03,8.28,14.83,9.69,9.17,0.0,0.0,0.0,33.69,5.38,0.0,0.0,0.0,5.38,0.0,3.4,4.45,3.55
77.86,3,1,0,True,True,24.984,6.246,13.86,10.52,9.62,0.0,0.0,0.0,34.0,4.17,0.0,0.0,0.0,4.17,0.0,2.48,3.54,2.44
78.04,3,2,0,False,False,27.28,6.82,13.82,9.7,9.7,0.0,0.0,0.0,33.22,4.2,3.36,0.0,0.0,7.5600000000000005,0.0,0.0,3.16,0.0
78.07,3,1,0,True,True,23.28,5.82,13.02,10.05,9.46,0.0,0.0,0.0,32.53,3.78,0.0,0.0,0.0,3.78,0.0,4.5,4.78,3.38
78.11,3,2,0,False,True,18.24,7.97,12.65,10.62,8.51,0.0,0.0,0.0,31.78,4.94,4.59,0.0,0.0,9.530000000000001,0.0,6.39,4.2,0.0
78.33,3,2,0,False,False,27.312,6.828,13.93,9.75,9.75,0.0,0.0,0.0,33.43,4.2,3.4,0.0,0.0,7.6,0.0,0.0,3.16,0.0
78.35,3,1,0,True,True,19.6,9.7,13.55,9.75,9.55,0.0,0.0,0.0,32.85,4.05,0.0,0.0,0.0,4.05,0.0,7.25,3.5,1.4
78.48,3,1,0,False,True,19.51,8.25,14.45,13.0,8.22,0.0,0.0,0.0,35.67,5.19,0.0,0.0,0.0,5.19,0.0,4.91,4.95,0.0
78.51,3,2,0,False,True,18.22,7.91,16.37,10.51,8.53,0.0,0.0,0.0,35.410000000000004,6.19,3.89,0.0,0.0,10.08,0.0,2.97,3.92,0.0
78.63,3,1,0,False,True,22.1,10.95,15.87,11.4,8.56,0.0,0.0,0.0,35.83,4.41,0.0,0.0,0.0,4.41,0.0,3.05,2.29,0.0
78.7,3,1,0,True,True,20.43,8.79,13.57,9.97,9.41,0.0,0.0,0.0,32.95,3.91,0.0,0.0,0.0,3.91,0.0,4.91,5.79,1.92
78.82,3,2,0,True,True,26.976,6.744,12.61,10.41,6.97,0.0,0.0,0.0,29.99,3.55,3.25,0.0,0.0,6.8,0.0,1.45,4.06,2.8
78.97,4,1,0,False,True,20.46,9.44,10.53,9.75,8.03,7.9,0.0,0.0,36.21,3.76,0.0,0.0,0.0,3.76,0.0,3.89,5.21,0.0
79.01,4,1,0,False,True,20.92,9.4,12.0,8.6,7.44,7.36,0.0,0.0,35.400000000000006,4.16,0.0,0.0,0.0,4.16,0.0,2.56,6.57,0.0
79.14,3,2,0,False,False,23.552,5.888,16.3,10.67,10.59,0.0,0.0,0.0,37.56,4.13,3.92,0.0,0.0,8.05,0.0,0.0,4.09,0.0
79.26,4,1,0,False,True,19.82,7.04,13.93,8.05,8.02,8.0,0.0,0.0,38.0,4.57,0.0,0.0,0.0,4.57,0.0,1.12,8.71,0.0
79.61,3,1,0,False,True,24.24,9.6,11.87,11.28,10.79,0.0,0.0,0.0,33.94,4.24,0.0,0.0,0.0,4.24,0.0,2.59,5.0,0.0
79.83,3,1,0,False,True,21.17,9.58,13.29,11.17,11.09,0.0,0.0,0.0,35.55,4.35,0.0,0.0,0.0,4.35,0.0,5.67,3.51,0.0
80.0,3,2,0,True,True,27.08,6.77,13.36,10.85,6.97,0.0,0.0,0.0,31.18,3.55,3.37,0.0,0.0,6.92,0.0,1.45,4.08,2.52
80.01,3,1,0,False,True,22.99,9.0,16.56,10.73,8.73,0.0,0.0,0.0,36.019999999999996,4.82,0.0,0.0,0.0,4.82,0.0,5.47,1.71,0.0
80.03,3,2,0,False,False,23.18,6.79,15.93,10.62,10.07,0.0,0.0,0.0,36.62,4.13,3.13,0.0,0.0,7.26,0.0,0.0,6.18,0.0
80.11,3,1,0,False,True,22.9,10.27,14.59,8.71,8.3,0.0,0.0,0.0,31.6,7.27,0.0,0.0,0.0,7.27,0.0,4.21,3.86,0.0
80.29,3,2,0,False,False,25.5,9.53,14.15,11.41,10.66,0.0,0.0,0.0,36.22,3.52,3.51,0.0,0.0,7.029999999999999,0.0,0.0,2.01,0.0
80.3,3,1,0,False,True,22.35,9.65,13.65,11.95,9.2,0.0,0.0,0.0,34.8,4.2,0.0,0.0,0.0,4.2,0.0,5.95,3.35,0.0
80.64,3,1,0,False,True,25.47,8.25,17.29,10.4,9.05,0.0,0.0,0.0,36.739999999999995,4.03,0.0,0.0,0.0,4.03,0.0,3.35,2.8,0.0
80.68,4,1,0,False,True,20.77,11.05,12.0,8.6,7.44,7.36,0.0,0.0,35.400000000000006,4.16,0.0,0.0,0.0,4.16,0.0,2.73,6.57,0.0
80.86,3,2,0,False,False,23.94,9.43,13.86,10.54,9.18,0.0,0.0,0.0,33.58,3.68,2.56,0.0,0.0,6.24,0.0,0.0,7.67,0.0
81.05,3,1,0,False,True,20.04,12.37,12.3,10.19,8.01,0.0,0.0,0.0,30.5,3.44,0.0,0.0,0.0,3.44,0.0,8.06,6.64,0.0
81.2,3,1,0,True,True,24.696,6.174,14.11,10.06,10.0,0.0,0.0,0.0,34.17,4.7,0.0,0.0,0.0,4.7,0.0,7.22,2.46,1.78
81.28,3,2,0,False,False,24.96,9.61,14.56,11.4,11.06,0.0,0.0,0.0,37.02,4.02,3.57,0.0,0.0,7.59,0.0,0.0,2.1,0.0
81.65,3,2,0,True,True,21.528,5.382,14.47,12.35,7.88,0.0,0.0,0.0,34.7,3.91,3.91,0.0,0.0,7.82,0.0,6.34,3.52,2.36
81.96,3,2,0,False,True,22.19,11.58,11.19,10.05,9.26,0.0,0.0,0.0,30.5,4.04,3.61,0.0,0.0,7.65,0.0,6.88,3.16,0.0
82.24,4,1,0,False,True,21.18,11.51,12.0,8.6,7.44,7.36,0.0,0.0,35.400000000000006,4.16,0.0,0.0,0.0,4.16,0.0,3.42,6.57,0.0
82.34,4,1,0,False,True,20.51,10.36,10.55,10.53,8.03,7.9,0.0,0.0,37.01,3.79,0.0,0.0,0.0,3.79,0.0,5.46,5.21,0.0
82.4,3,1,0,True,True,23.832,5.958,13.97,10.09,9.98,0.0,0.0,0.0,34.040000000000006,3.77,0.0,0.0,0.0,3.77,0.0,5.2,3.5,6.1
82.42,3,2,0,False,True,23.04,9.13,14.91,10.75,9.27,0.0,0.0,0.0,34.93,4.04,3.79,0.0,0.0,7.83,0.0,5.15,2.34,0.0
82.55,4,2,0,False,True,20.15,8.7,12.8,8.65,7.75,7.75,0.0,0.0,36.95,3.55,3.1,0.0,0.0,6.65,0.0,4.05,6.05,0.0
82.7,3,1,0,False,True,23.6,8.3,14.1,11.0,11.0,0.0,0.0,0.0,36.1,4.2,0.0,0.0,0.0,4.2,0.0,5.8,4.7,0.0
82.92,3,2,0,False,True,21.61,8.48,14.49,9.34,9.02,0.0,0.0,0.0,32.849999999999994,3.68,3.38,0.0,0.0,7.0600000000000005,0.0,7.14,5.78,0.0
83.31,3,2,0,False,True,22.06,10.02,15.3,9.94,9.29,0.0,0.0,0.0,34.53,4.13,3.07,0.0,0.0,7.199999999999999,0.0,4.45,5.05,0.0
83.43,3,2,0,False,False,23.67,10.94,15.63,11.8,11.48,0.0,0.0,0.0,38.91,4.12,3.93,0.0,0.0,8.05,0.0,0.0,1.86,0.0
83.5,3,1,0,False,True,27.0,8.6,13.4,11.1,9.2,0.0,0.0,0.0,33.7,3.9,0.0,0.0,0.0,3.9,0.0,3.6,6.7,0.0
83.6,4,2,0,False,True,20.15,7.0,13.2,10.95,8.95,8.15,0.0,0.0,41.24999999999999,3.5,3.1,0.0,0.0,6.6,0.0,2.5,6.1,0.0
83.7,3,1,0,True,True,24.1,8.5,13.8,10.8,10.6,0.0,0.0,0.0,35.2,4.5,0.0,0.0,0.0,4.5,0.0,4.7,4.7,2.0
84.09,3,1,0,False,True,25.25,10.73,15.41,10.67,9.96,0.0,0.0,0.0,36.04,4.87,0.0,0.0,0.0,4.87,0.0,5.47,1.73,0.0
84.49,3,1,0,True,True,24.75,8.14,12.87,11.23,10.78,0.0,0.0,0.0,34.88,6.33,0.0,0.0,0.0,6.33,0.0,3.36,4.31,2.72
84.54,4,1,0,False,True,24.36,6.09,13.26,10.97,9.97,8.01,0.0,0.0,42.21,4.31,0.0,0.0,0.0,4.31,0.0,3.88,3.69,0.0
84.8,3,1,0,False,True,25.7,11.5,14.05,10.65,10.6,0.0,0.0,0.0,35.300000000000004,4.2,0.0,0.0,0.0,4.2,0.0,3.85,4.25,0.0
84.9,3,1,0,False,True,22.4,10.3,15.95,12.6,10.05,0.0,0.0,0.0,38.599999999999994,4.25,0.0,0.0,0.0,4.25,0.0,3.15,6.2,0.0
84.93,4,1,0,True,True,20.0,8.39,10.98,8.7,8.62,8.4,0.0,0.0,36.699999999999996,3.59,0.0,0.0,0.0,3.59,0.0,6.12,8.03,2.1
85.3,3,1,0,False,True,29.1,8.9,13.0,10.4,9.5,0.0,0.0,0.0,32.9,4.6,0.0,0.0,0.0,4.6,0.0,4.6,5.2,0.0
85.42,3,1,0,False,True,22.98,13.0,14.47,9.7,9.05,0.0,0.0,0.0,33.22,4.72,0.0,0.0,0.0,4.72,0.0,2.5,9.0,0.0
85.52,3,2,0,False,False,28.0,10.44,14.74,11.92,11.16,0.0,0.0,0.0,37.82,3.73,3.55,0.0,0.0,7.279999999999999,0.0,0.0,1.98,0.0
85.7,3,1,0,False,True,22.4,9.5,15.6,10.3,9.0,0.0,0.0,0.0,34.9,4.3,0.0,0.0,0.0,4.3,0.0,6.3,8.3,0.0
85.72,4,3,0,True,False,22.94,11.98,12.24,10.08,7.85,4.25,0.0,0.0,34.42,3.0,3.0,2.88,0.0,8.879999999999999,0.0,0.0,2.91,4.59
85.76,3,2,0,False,False,26.56,11.42,13.76,10.46,10.13,0.0,0.0,0.0,34.35,4.43,4.21,0.0,0.0,8.64,0.0,0.0,4.79,0.0
85.9,4,1,0,True,False,23.85,9.3,13.3,8.95,8.95,8.75,0.0,0.0,39.95,3.85,0.0,0.0,0.0,3.85,0.0,0.0,6.15,2.8
85.95,4,2,0,False,True,20.5,8.0,14.7,10.4,8.6,8.5,0.0,0.0,42.2,4.3,3.65,0.0,0.0,7.949999999999999,0.0,3.9,3.4,0.0
86.08,3,1,0,False,True,23.04,9.09,19.79,10.2,9.72,0.0,0.0,0.0,39.71,5.31,0.0,0.0,0.0,5.31,0.0,5.63,3.3,0.0
86.2,3,2,1,False,True,21.7,10.95,13.85,10.75,10.25,0.0,0.0,0.0,34.85,4.25,3.7,0.0,0.0,7.95,1.45,5.4,3.9,0.0
86.4,3,2,0,True,True,20.4,9.1,15.6,8.5,8.4,0.0,0.0,0.0,32.5,5.2,4.5,0.0,0.0,9.7,0.0,4.3,6.5,3.9
87.47,3,2,0,False,False,22.33,14.32,15.61,11.35,10.14,0.0,0.0,0.0,37.1,4.69,2.9,0.0,0.0,7.59,0.0,0.0,6.13,0.0
87.8,3,2,1,False,True,21.7,10.95,15.9,10.75,10.25,0.0,0.0,0.0,36.9,3.8,3.7,0.0,0.0,7.5,1.45,5.4,3.9,0.0
88.87,3,2,0,True,False,23.216,5.804,17.63,13.12,11.36,0.0,0.0,0.0,42.11,4.97,3.79,0.0,0.0,8.76,0.0,0.0,5.2,3.78
89.32,4,2,0,False,True,22.47,7.76,12.06,9.18,9.16,8.86,0.0,0.0,39.260000000000005,3.95,3.61,0.0,0.0,7.5600000000000005,0.0,5.76,6.51,0.0
89.45,4,2,0,False,True,20.8,9.55,12.35,10.75,10.2,8.35,0.0,0.0,41.65,5.35,3.05,0.0,0.0,8.399999999999999,0.0,3.35,5.7,0.0
89.57,3,2,0,False,True,25.34,12.43,14.86,10.74,9.24,0.0,0.0,0.0,34.84,3.88,3.79,0.0,0.0,7.67,0.0,6.94,2.35,0.0
89.6,3,2,0,True,False,32.064,8.016,14.2,10.94,10.37,0.0,0.0,0.0,35.51,4.17,3.98,0.0,0.0,8.15,0.0,0.0,3.27,2.59
89.73,3,2,0,True,True,24.48,10.65,13.76,11.79,10.92,0.0,0.0,0.0,36.47,3.69,3.49,0.0,0.0,7.18,0.0,2.24,6.48,2.23
89.8,3,2,1,False,True,21.5,10.35,14.8,10.05,10.0,0.0,0.0,0.0,34.85,4.8,3.65,0.0,0.0,8.45,1.4,6.4,6.85,0.0
89.85,4,2,0,True,True,20.55,7.55,11.85,9.4,9.15,8.4,0.0,0.0,38.8,4.2,4.15,0.0,0.0,8.350000000000001,0.0,3.7,8.4,2.5
90.0,4,2,0,False,True,21.15,8.5,13.2,10.7,9.4,7.0,0.0,0.0,40.3,4.15,3.8,0.0,0.0,7.95,0.0,5.9,6.2,0.0
90.05,4,2,1,True,True,23.672,5.918,13.71,11.35,9.09,9.03,0.0,0.0,43.18000000000001,3.49,3.01,0.0,0.0,6.5,2.46,1.33,4.09,2.9
90.1,3,2,0,False,True,24.1,12.6,15.75,10.35,10.0,0.0,0.0,0.0,36.1,4.3,4.1,0.0,0.0,8.399999999999999,0.0,7.55,1.35,0.0
90.1,3,2,0,True,True,21.3,9.2,12.5,12.1,10.8,0.0,0.0,0.0,35.400000000000006,5.4,4.2,0.0,0.0,9.600000000000001,0.0,5.2,5.9,3.5
90.5,3,2,0,True,True,24.3,9.0,14.2,11.5,8.5,0.0,0.0,0.0,34.2,5.4,4.5,0.0,0.0,9.9,0.0,4.7,4.9,3.5
90.95,4,2,0,True,True,20.15,7.0,12.7,11.75,10.85,7.05,0.0,0.0,42.349999999999994,3.9,3.35,0.0,0.0,7.25,0.0,3.7,8.4,2.1
90.96,4,2,0,True,True,20.31,8.61,13.59,10.01,9.97,7.98,0.0,0.0,41.55,3.93,3.92,0.0,0.0,7.85,0.0,4.91,5.85,1.88
91.35,4,2,0,True,True,20.42,8.56,13.59,10.06,9.97,8.31,0.0,0.0,41.93,3.98,3.89,0.0,0.0,7.87,0.0,4.91,5.78,1.88
91.4,3,2,0,False,True,26.43,11.98,14.87,11.47,10.4,0.0,0.0,0.0,36.74,3.8,3.77,0.0,0.0,7.57,0.0,5.96,2.72,0.0
91.46,4,2,0,True,False,24.32,8.63,14.65,8.94,8.56,8.51,0.0,0.0,40.66,5.35,4.66,0.0,0.0,10.01,0.0,0.0,4.7,3.14
91.5,3,2,0,False,True,28.6,9.7,13.9,10.9,10.2,0.0,0.0,0.0,35.0,4.4,3.8,0.0,0.0,8.2,0.0,7.0,3.0,0.0
91.51,4,2,0,True,True,22.51,10.87,12.45,8.81,8.47,8.43,0.0,0.0,38.16,4.67,4.42,0.0,0.0,9.09,0.0,2.47,5.94,2.47
92.03,4,2,0,False,True,23.66,11.58,11.19,10.12,9.26,6.32,0.0,0.0,36.89,4.04,3.61,0.0,0.0,7.65,0.0,7.07,5.18,0.0
92.2,3,2,0,False,True,25.95,13.05,15.25,10.25,10.0,0.0,0.0,0.0,35.5,4.1,4.0,0.0,0.0,8.1,0.0,8.3,1.3,0.0
92.8,3,2,0,False,True,29.5,9.9,12.9,12.3,10.3,0.0,0.0,0.0,35.5,4.1,4.0,0.0,0.0,8.1,0.0,5.4,4.4,0.0
92.85,3,2,0,True,True,20.25,9.5,15.87,11.98,11.87,0.0,0.0,0.0,39.72,4.23,4.18,0.0,0.0,8.41,0.0,5.24,5.79,3.94
92.9,2,2,0,True,True,34.0,8.5,16.32,11.09,0.0,0.0,0.0,0.0,27.41,5.58,5.17,0.0,0.0,10.75,0.0,6.94,2.16,3.14
93.19,3,2,1,False,True,27.488,6.872,12.99,11.69,10.76,0.0,0.0,0.0,35.44,4.13,3.62,0.0,0.0,7.75,2.2,9.75,3.69,0.0
93.3,3,2,0,True,True,25.35,11.25,12.31,11.82,5.7,0.0,0.0,0.0,29.830000000000002,5.69,3.82,0.0,0.0,9.51,0.0,3.57,8.54,5.25
93.3,3,2,0,False,True,30.2,9.8,12.9,12.3,10.3,0.0,0.0,0.0,35.5,4.1,3.9,0.0,0.0,8.0,0.0,5.4,4.4,0.0
93.4,3,2,0,False,True,30.2,9.8,12.9,12.3,10.3,0.0,0.0,0.0,35.5,4.1,3.9,0.0,0.0,8.0,0.0,5.5,4.4,0.0
93.54,3,2,1,False,False,27.576,6.894,18.71,10.41,10.12,0.0,0.0,0.0,39.24,4.19,3.58,0.0,0.0,7.7700000000000005,2.2,0.0,9.86,0.0
94.8,4,2,0,False,False,22.0,8.6,15.4,8.9,8.8,8.0,0.0,0.0,41.1,5.5,4.4,0.0,0.0,9.9,0.0,0.0,13.2,0.0
95.2,4,2,0,False,True,25.4,9.5,14.0,9.8,9.1,9.1,0.0,0.0,42.0,4.4,3.9,0.0,0.0,8.3,0.0,4.3,5.7,0.0
95.24,4,2,0,True,True,31.912,7.978,13.81,11.21,9.46,4.16,0.0,0.0,38.64,4.58,3.77,0.0,0.0,8.35,0.0,2.87,2.61,2.88
95.37,3,2,0,False,True,25.63,11.38,15.65,12.94,12.84,0.0,0.0,0.0,41.43,4.65,4.32,0.0,0.0,8.97,0.0,2.85,5.11,0.0
95.4,4,2,1,False,False,24.8,9.1,14.2,10.1,8.7,8.7,0.0,0.0,41.7,3.6,3.4,0.0,0.0,7.0,1.8,0.0,11.0,0.0
95.53,3,3,1,True,False,33.57,9.6,12.0,11.55,8.55,0.0,0.0,0.0,32.1,3.69,3.69,3.27,0.0,10.65,1.8,0.0,5.0,2.81
95.55,3,2,0,False,True,26.85,13.15,16.7,10.35,9.9,0.0,0.0,0.0,36.949999999999996,4.5,4.1,0.0,0.0,8.6,0.0,8.7,1.3,0.0
95.6,3,2,0,True,True,28.5,9.45,13.05,8.75,8.6,0.0,0.0,0.0,30.4,4.8,4.25,0.0,0.0,9.05,0.0,8.55,5.85,3.8
95.6,4,2,0,False,True,24.2,11.9,14.4,10.3,10.3,9.4,0.0,0.0,44.4,4.0,3.6,0.0,0.0,7.6,0.0,5.0,2.5,0.0
95.91,3,2,0,False,False,29.01,18.88,13.7,10.14,9.23,0.0,0.0,0.0,33.07,5.86,4.29,0.0,0.0,10.15,0.0,0.0,4.8,0.0
96.46,3,2,0,False,True,28.82,9.84,19.16,12.82,11.32,0.0,0.0,0.0,43.3,4.09,4.03,0.0,0.0,8.120000000000001,0.0,2.46,3.92,0.0
96.78,3,2,0,False,True,29.02,10.15,19.16,12.63,11.32,0.0,0.0,0.0,43.11,4.09,4.03,0.0,0.0,8.120000000000001,0.0,2.46,3.92,0.0
96.95,4,2,0,False,True,30.808,7.702,11.82,10.05,8.58,3.08,0.0,0.0,33.53,5.19,2.51,0.0,0.0,7.7,0.0,11.96,5.25,0.0
97.16,4,2,0,False,False,27.08,11.49,15.86,10.6,10.02,8.6,0.0,0.0,45.080000000000005,4.13,3.2,0.0,0.0,7.33,0.0,0.0,6.18,0.0
97.29,3,2,0,False,True,36.952,9.238,14.48,10.95,10.44,0.0,0.0,0.0,35.87,4.11,3.77,0.0,0.0,7.880000000000001,0.0,3.51,3.84,0.0
97.69,4,2,0,True,False,32.56,8.14,15.95,12.16,11.02,3.41,0.0,0.0,42.53999999999999,4.49,3.87,0.0,0.0,8.36,0.0,0.0,4.5,1.59
98.0,4,2,0,True,True,22.44,9.22,13.05,10.12,10.03,9.67,0.0,0.0,42.870000000000005,3.84,3.36,0.0,0.0,7.199999999999999,0.0,9.5,3.23,3.54
98.25,4,2,1,True,True,26.59,9.28,14.03,8.58,7.92,7.72,0.0,0.0,38.25,4.84,3.78,0.0,0.0,8.62,2.5,4.87,7.5,0.64
100.2,4,3,0,False,True,25.9,11.1,13.3,13.0,9.4,9.4,0.0,0.0,45.1,4.0,3.7,2.4,0.0,10.1,0.0,5.0,3.0,0.0
100.3,4,2,0,True,True,22.8,8.9,15.6,9.3,9.3,9.0,0.0,0.0,43.2,3.9,3.2,0.0,0.0,7.1,0.0,5.4,3.7,9.2
101.8,4,2,0,True,True,21.1,14.9,13.1,9.6,9.4,6.9,0.0,0.0,39.0,3.5,3.5,0.0,0.0,7.0,0.0,4.2,13.3,2.3
102.0,4,2,1,False,True,24.4,10.7,13.5,10.2,9.9,9.8,0.0,0.0,43.400000000000006,4.9,4.1,0.0,0.0,9.0,2.7,5.1,6.7,0.0
103.8,4,2,0,False,False,28.408,7.102,14.33,13.65,12.14,10.92,0.0,0.0,51.040000000000006,3.71,3.27,0.0,0.0,6.98,0.0,0.0,10.27,0.0
104.0,4,2,0,False,True,26.85,11.7,14.05,10.45,10.05,8.25,0.0,0.0,42.8,4.4,3.8,0.0,0.0,8.2,0.0,9.4,5.05,0.0
104.08,3,2,1,True,False,30.208,7.552,17.45,14.61,13.0,0.0,0.0,0.0,45.06,9.05,3.99,0.0,0.0,13.040000000000001,2.09,0.0,4.06,2.07
104.09,4,2,0,False,True,29.18,10.25,15.68,11.12,9.87,9.47,0.0,0.0,46.13999999999999,4.01,3.93,0.0,0.0,7.9399999999999995,0.0,5.14,5.44,0.0
104.45,4,2,0,False,True,24.5,12.8,16.65,10.5,10.3,9.0,0.0,0.0,46.45,4.2,3.95,0.0,0.0,8.15,0.0,6.3,6.25,0.0
104.83,5,2,0,False,True,35.6,8.9,12.56,9.59,9.28,6.92,4.13,0.0,42.480000000000004,4.68,4.36,0.0,0.0,9.04,0.0,5.78,3.03,0.0
104.89,4,2,0,False,True,31.69,10.89,13.24,9.79,9.67,8.15,0.0,0.0,40.85,4.06,3.44,0.0,0.0,7.5,0.0,8.23,5.73,0.0
104.98,4,2,1,True,True,28.696,7.174,14.05,10.04,10.02,9.65,0.0,0.0,43.76,5.0,4.62,0.0,0.0,9.620000000000001,2.97,4.75,3.96,4.05
105.14,4,2,0,False,True,24.16,13.02,14.54,14.5,12.32,5.06,0.0,0.0,46.42,5.8,4.59,0.0,0.0,10.39,0.0,5.3,5.85,0.0
105.55,4,1,1,False,False,20.09,19.75,18.92,12.47,9.6,9.03,0.0,0.0,50.02,4.2,0.0,0.0,0.0,4.2,1.89,0.0,9.6,0.0
105.89,3,2,1,False,False,37.18,13.0,16.6,14.05,7.62,0.0,0.0,0.0,38.27,3.52,3.46,0.0,0.0,6.98,2.46,0.0,8.0,0.0
106.35,4,2,0,False,False,31.4,10.84,18.06,11.99,10.53,10.35,0.0,0.0,50.93,3.55,2.83,0.0,0.0,6.38,0.0,0.0,6.8,0.0
106.35,4,2,0,False,True,44.17,9.21,12.27,8.56,7.69,6.07,0.0,0.0,34.59,5.39,4.72,0.0,0.0,10.11,0.0,4.31,3.96,0.0
107.4,4,2,0,False,True,27.4,13.75,16.55,10.35,10.0,9.4,0.0,0.0,46.3,4.1,4.1,0.0,0.0,8.2,0.0,10.45,1.3,0.0
107.6,5,2,0,True,True,29.04,7.26,12.8,10.4,9.9,7.9,2.7,0.0,43.7,4.2,3.3,0.0,0.0,7.5,0.0,9.3,8.5,2.3
107.68,4,2,1,False,True,29.34,10.57,13.7,9.75,9.75,9.59,0.0,0.0,42.790000000000006,4.98,4.4,0.0,0.0,9.38,2.92,4.26,8.42,0.0
108.1,4,2,0,True,True,36.56,9.14,15.1,12.9,11.6,2.9,0.0,0.0,42.5,4.0,3.7,0.0,0.0,7.7,0.0,3.4,6.8,2.0
108.73,5,2,0,False,False,30.184,7.546,15.05,11.0,10.44,9.88,9.55,0.0,55.92,4.42,3.77,0.0,0.0,8.19,0.0,0.0,6.89,0.0
108.75,3,2,1,False,True,31.68,10.99,15.27,14.24,12.12,0.0,0.0,0.0,41.629999999999995,5.31,4.4,0.0,0.0,9.71,2.8,4.81,7.13,0.0
109.1,4,2,1,True,True,21.12,25.35,13.2,10.49,9.4,4.98,0.0,0.0,38.06999999999999,6.2,3.76,0.0,0.0,9.96,2.27,6.12,3.0,3.21
109.12,4,3,0,False,True,28.51,11.09,16.7,11.14,10.11,8.94,0.0,0.0,46.89,4.91,3.97,3.78,0.0,12.66,0.0,4.86,5.11,0.0
109.7,4,2,1,True,True,32.4,10.1,11.9,9.6,9.6,9.6,0.0,0.0,40.7,5.0,4.0,0.0,0.0,9.0,3.0,2.9,8.6,3.0
110.5,4,2,0,False,True,24.25,17.85,15.55,11.25,10.25,9.05,0.0,0.0,46.099999999999994,4.65,3.6,0.0,0.0,8.25,0.0,10.35,3.7,0.0
110.63,4,2,1,False,True,23.11,13.02,12.96,12.37,10.04,8.01,0.0,0.0,43.379999999999995,5.27,4.3,0.0,0.0,9.57,2.4,8.86,10.29,0.0
112.3,3,3,0,False,True,30.72,14.43,15.51,13.2,9.64,0.0,0.0,0.0,38.35,7.85,3.68,3.58,0.0,15.11,0.0,3.04,10.65,0.0
113.81,5,2,1,False,True,32.76,13.26,19.2,8.4,8.4,8.1,3.78,0.0,47.88,3.51,3.51,0.0,0.0,7.02,2.21,3.68,7.0,0.0
113.92,4,2,1,True,True,25.0,11.31,19.96,10.28,9.28,8.97,0.0,0.0,48.49,5.97,3.83,0.0,0.0,9.8,2.54,6.34,7.1,3.34
114.0,4,2,0,False,True,32.9,12.7,16.85,10.65,10.4,9.2,0.0,0.0,47.099999999999994,4.2,3.9,0.0,0.0,8.1,0.0,6.9,6.3,0.0
114.65,4,2,0,False,True,25.57,13.59,17.38,11.16,11.03,11.02,0.0,0.0,50.59,5.14,4.35,0.0,0.0,9.489999999999998,0.0,7.0,8.41,0.0
114.89,4,2,0,True,True,26.29,12.86,14.88,12.48,12.12,9.08,0.0,0.0,48.559999999999995,4.36,4.28,0.0,0.0,8.64,0.0,9.43,6.78,2.33
115.1,4,2,0,True,True,33.5,10.8,16.2,10.3,10.3,9.8,0.0,0.0,46.599999999999994,5.1,4.3,0.0,0.0,9.399999999999999,0.0,3.4,7.0,4.4
115.3,4,2,0,False,True,25.55,16.75,16.7,10.3,10.3,10.0,0.0,0.0,47.3,4.55,3.85,0.0,0.0,8.4,0.0,4.0,13.3,0.0
115.44,4,3,1,True,True,24.41,21.11,15.7,10.38,10.13,9.59,0.0,0.0,45.8,4.59,3.53,3.53,0.0,11.649999999999999,2.43,4.61,2.61,2.82
117.6,4,2,1,False,True,29.3,11.2,22.8,11.1,10.7,10.4,0.0,0.0,54.99999999999999,4.8,3.6,0.0,0.0,8.4,2.2,5.7,5.8,0.0
120.7,3,2,1,True,True,30.5,19.7,15.6,11.9,11.5,0.0,0.0,0.0,39.0,6.8,5.1,0.0,0.0,11.899999999999999,1.9,6.3,8.7,2.7
121.19,5,2,0,False,True,27.08,13.04,14.58,12.93,12.33,12.17,5.06,0.0,57.07,5.67,5.42,0.0,0.0,11.09,0.0,6.44,6.47,0.0
123.4,4,3,0,False,True,33.3,13.6,18.7,10.5,10.2,10.0,0.0,0.0,49.4,4.7,3.8,3.3,0.0,11.8,0.0,5.9,9.4,0.0
123.8,4,3,0,True,True,26.3,10.5,16.1,12.3,12.0,11.3,0.0,0.0,51.7,6.8,3.8,3.1,0.0,13.7,0.0,2.7,14.4,4.5
125.16,4,2,1,True,True,30.2,11.01,24.33,11.21,10.03,10.01,0.0,0.0,55.58,4.58,3.15,0.0,0.0,7.73,2.51,10.21,5.95,1.97
126.33,5,2,0,True,False,31.54,4.08,14.8,14.08,12.75,9.88,6.0,0.0,57.510000000000005,3.78,3.38,0.0,0.0,7.16,0.0,0.0,16.8,9.24
126.5,4,2,1,True,True,30.86,9.8,26.39,11.37,10.11,10.08,0.0,0.0,57.949999999999996,5.13,3.19,0.0,0.0,8.32,2.6,9.99,5.18,1.8
127.13,5,2,0,False,False,18.4,37.73,15.05,11.0,10.44,9.88,9.55,0.0,55.92,4.42,3.77,0.0,0.0,8.19,0.0,0.0,6.89,0.0
127.97,4,2,0,True,True,34.864,8.716,18.61,10.44,10.44,6.8,0.0,0.0,46.28999999999999,8.41,5.34,0.0,0.0,13.75,0.0,7.0,12.15,5.2
132.8,4,3,0,True,True,37.7,12.6,16.0,11.5,11.3,11.3,0.0,0.0,50.099999999999994,5.8,5.6,3.7,0.0,15.099999999999998,0.0,4.4,9.1,3.8
135.25,4,3,0,False,True,36.92,12.46,21.64,12.96,12.95,12.55,0.0,0.0,60.099999999999994,4.2,4.08,2.77,0.0,11.05,0.0,7.72,7.0,0.0
140.84,6,2,0,False,False,31.09,9.46,22.23,21.79,11.22,10.81,7.02,5.73,78.8,6.24,4.74,0.0,0.0,10.98,0.0,0.0,10.51,0.0
147.75,5,2,1,True,True,36.25,14.83,13.33,12.72,12.43,10.43,7.8,0.0,56.71,6.57,3.95,0.0,0.0,10.52,3.09,13.26,9.65,3.44
158.77,6,3,1,True,True,31.42,13.99,15.27,13.26,10.19,10.1,9.58,7.69,66.09,8.11,6.45,4.28,0.0,18.84,3.36,11.25,7.92,5.9
198.7,4,2,1,False,True,40.0,28.0,37.0,14.0,12.0,12.0,0.0,0.0,75.0,9.0,6.0,0.0,0.0,15.0,2.2,12.5,26.0,0.0
